{
  "feature_names": [
    "sepal_length",
    "sepal_width",
    "petal_length",
    "petal_width",
    "sepal_l_x_sepal_w",
    "petal_l_x_petal_w"
  ],
  "n_samples": 150,
  "psi_n_bins": 10,
  "features": {
    "sepal_length": {
      "mean": 0.001990251737485996,
      "std": 0.985534397955437,
      "min": -1.8409828571755729,
      "max": 2.457960895796573,
      "bin_edges": [
        -Infinity,
        -1.2439073359294415,
        -1.0050771274309889,
        -0.6826563459580769,
        -0.28858650193563173,
        -0.04975629343717902,
        0.30848901931049955,
        0.5473192278089523,
        0.8100324571572505,
        1.2638098533043105,
        Infinity
      ],
      "bin_pcts": [
        0.07333333333333333,
        0.07333333333333333,
        0.15333333333333332,
        0.09333333333333334,
        0.09333333333333334,
        0.10666666666666667,
        0.06666666666666667,
        0.14,
        0.08666666666666667,
        0.11333333333333333
      ]
    },
    "sepal_width": {
      "mean": 0.020149955109216435,
      "std": 0.9725957220913767,
      "min": -2.3470966229071224,
      "max": 3.0262247395511506,
      "bin_edges": [
        -Infinity,
        -1.2276546723949822,
        -0.7798778921901258,
        -0.5559895020876986,
        -0.1082127218828422,
        0.115675668219586,
        0.3395640583220142,
        0.7873408385268696,
        1.2575064577419677,
        Infinity
      ],
      "bin_pcts": [
        0.07333333333333333,
        0.08666666666666667,
        0.06,
        0.16,
        0.17333333333333334,
        0.07333333333333333,
        0.12666666666666668,
        0.14666666666666667,
        0.1
      ]
    },
    "petal_length": {
      "mean": -0.006813783841965346,
      "std": 0.9990165829057311,
      "min": -1.5728484368537823,
      "max": 1.7772619521127588,
      "bin_edges": [
        -Infinity,
        -1.3457223087882542,
        -1.288940776771872,
        -1.175377712739108,
        0.07381599162129711,
        0.3293328856950164,
        0.4939993285425254,
        0.6984128438014997,
        0.8801137462539224,
        1.152665099932556,
        Infinity
      ],
      "bin_pcts": [
        0.07333333333333333,
        0.08666666666666667,
        0.13333333333333333,
        0.09333333333333334,
        0.11333333333333333,
        0.1,
        0.09333333333333334,
        0.10666666666666667,
        0.09333333333333334,
        0.10666666666666667
      ]
    },
    "petal_width": {
      "mean": -0.007461255354804924,
      "std": 1.0002812978721252,
      "min": -1.4549447941872742,
      "max": 1.705116297260203,
      "bin_edges": [
        -Infinity,
        -1.3232755820436295,
        -1.0599371577563397,
        -0.05925114546463835,
        0.12508575153646437,
        0.3884241758237541,
        0.7834318122546888,
        0.9151010243983335,
        1.3101086608292685,
        Infinity
      ],
      "bin_pcts": [
        0.03333333333333333,
        0.24,
        0.12666666666666668,
        0.03333333333333333,
        0.14,
        0.12,
        0.08,
        0.11333333333333333,
        0.11333333333333333
      ]
    },
    "sepal_l_x_sepal_w": {
      "mean": 0.016667931961907433,
      "std": 0.9707077163374981,
      "min": -2.2496879663070843,
      "max": 3.5502888218283664,
      "bin_edges": [
        -Infinity,
        -1.1664655282032654,
        -0.7918716227557558,
        -0.5317128237674627,
        -0.27445111608193484,
        -0.030516028389124494,
        0.15489781498783212,
        0.5121091726187529,
        0.871638203291884,
        1.1126761996819292,
        Infinity
      ],
      "bin_pcts": [
        0.1,
        0.1,
        0.1,
        0.1,
        0.1,
        0.09333333333333334,
        0.10666666666666667,
        0.1,
        0.1,
        0.1
      ]
    },
    "petal_l_x_petal_w": {
      "mean": -0.007956496483407467,
      "std": 0.989468435673455,
      "min": -1.20544784100567,
      "max": 2.1147918212673837,
      "bin_edges": [
        -Infinity,
        -1.1696330730750597,
        -1.1612060688560926,
        -1.0963181363700454,
        -0.2755279254426458,
        -0.04568138537031713,
        0.19343485934287558,
        0.5916108086890732,
        0.9286909774477587,
        1.3822744795336652,
        Infinity
      ],
      "bin_pcts": [
        0.08,
        0.1,
        0.12,
        0.1,
        0.1,
        0.07333333333333333,
        0.11333333333333333,
        0.11333333333333333,
        0.1,
        0.1
      ]
    }
  },
  "class_pcts": {
    "0": 0.3333333333333333,
    "1": 0.3333333333333333,
    "2": 0.3333333333333333
  },
  "class_names": [
    "setosa",
    "versicolor",
    "virginica"
  ]
}